{"initial_reset_timestamp": 1556343217.7215786, "timestamps": [1556343217.7220647, 1556343217.7232869, 1556343217.7245317, 1556343217.726213, 1556343217.728043, 1556343217.7302346, 1556343217.7316506, 1556343217.7325535, 1556343217.7346554, 1556343217.7376983, 1556343217.7388601, 1556343217.7403471, 1556343217.742715, 1556343217.7450757, 1556343217.746572, 1556343217.7486727, 1556343217.7495222, 1556343217.7540948, 1556343217.7551877, 1556343217.7565262, 1556343217.7583346, 1556343217.7592432, 1556343217.7608457, 1556343217.7623127, 1556343217.763828, 1556343217.7702622, 1556343217.771689, 1556343217.7745132, 1556343217.7765484, 1556343217.779227, 1556343217.780322, 1556343217.7813578, 1556343217.7833025, 1556343217.7846632, 1556343217.7882903, 1556343217.7907937, 1556343217.7920756, 1556343217.793889, 1556343217.7952404, 1556343217.7970555, 1556343217.799383, 1556343217.800927, 1556343217.8022351, 1556343217.8035128, 1556343217.8049598, 1556343217.8081856, 1556343217.810199, 1556343218.1275775, 1556343218.1367657, 1556343218.1522737, 1556343218.1617928], "episode_lengths": [11, 13, 14, 19, 21, 25, 16, 10, 24, 35, 13, 17, 27, 27, 17, 24, 9, 52, 12, 15, 20, 10, 18, 16, 17, 74, 16, 32, 23, 30, 12, 11, 22, 15, 41, 28, 14, 20, 15, 20, 26, 17, 14, 14, 16, 36, 22, 19, 11, 20, 13], "episode_rewards": [11.0, 13.0, 14.0, 19.0, 21.0, 25.0, 16.0, 10.0, 24.0, 35.0, 13.0, 17.0, 27.0, 27.0, 17.0, 24.0, 9.0, 52.0, 12.0, 15.0, 20.0, 10.0, 18.0, 16.0, 17.0, 74.0, 16.0, 32.0, 23.0, 30.0, 12.0, 11.0, 22.0, 15.0, 41.0, 28.0, 14.0, 20.0, 15.0, 20.0, 26.0, 17.0, 14.0, 14.0, 16.0, 36.0, 22.0, 19.0, 11.0, 20.0, 13.0], "episode_types": ["t", "t", "t", "t", "t", "t", "t", "t", "t", "t", "t", "t", "t", "t", "t", "t", "t", "t", "t", "t", "t", "t", "t", "t", "t", "t", "t", "t", "t", "t", "t", "t", "t", "t", "t", "t", "t", "t", "t", "t", "t", "t", "t", "t", "t", "t", "t", "t", "t", "t", "t", "t"]}