{"initial_reset_timestamp": 1556347415.0768714, "timestamps": [1556347415.0773432, 1556347415.078493, 1556347415.0798461, 1556347415.0813842, 1556347415.0835993, 1556347415.0845504, 1556347415.0861807, 1556347415.0872622, 1556347415.0882568, 1556347415.0896225, 1556347415.0908868, 1556347415.0927546, 1556347415.0941353, 1556347415.0959299, 1556347415.0978262, 1556347415.099729, 1556347415.1041713, 1556347415.1054354, 1556347415.1079326, 1556347415.1096616, 1556347415.1108549, 1556347415.1123931, 1556347415.1137772, 1556347415.1160247, 1556347415.117875, 1556347415.1187298, 1556347415.1206195, 1556347415.1215718, 1556347415.1257179, 1556347415.126917, 1556347415.1282022, 1556347415.129966, 1556347415.131172, 1556347415.1327395, 1556347415.1379766, 1556347415.1400647, 1556347415.1416512, 1556347415.144996, 1556347415.1516016, 1556347415.1532018, 1556347415.155484, 1556347415.1577928, 1556347415.160173, 1556347415.16167, 1556347415.1647456, 1556347415.1670587, 1556347415.5420365], "episode_lengths": [11, 12, 15, 17, 25, 10, 18, 12, 11, 15, 14, 21, 15, 20, 21, 21, 50, 13, 28, 19, 13, 17, 15, 24, 20, 9, 21, 10, 46, 13, 14, 19, 13, 17, 58, 23, 17, 37, 73, 17, 25, 25, 26, 16, 34, 25, 18], "episode_rewards": [11.0, 12.0, 15.0, 17.0, 25.0, 10.0, 18.0, 12.0, 11.0, 15.0, 14.0, 21.0, 15.0, 20.0, 21.0, 21.0, 50.0, 13.0, 28.0, 19.0, 13.0, 17.0, 15.0, 24.0, 20.0, 9.0, 21.0, 10.0, 46.0, 13.0, 14.0, 19.0, 13.0, 17.0, 58.0, 23.0, 17.0, 37.0, 73.0, 17.0, 25.0, 25.0, 26.0, 16.0, 34.0, 25.0, 18.0], "episode_types": ["t", "t", "t", "t", "t", "t", "t", "t", "t", "t", "t", "t", "t", "t", "t", "t", "t", "t", "t", "t", "t", "t", "t", "t", "t", "t", "t", "t", "t", "t", "t", "t", "t", "t", "t", "t", "t", "t", "t", "t", "t", "t", "t", "t", "t", "t", "t", "t"]}