{"initial_reset_timestamp": 1556209910.9503064, "timestamps": [1556209910.950816, 1556209910.95202, 1556209910.9531152, 1556209910.955621, 1556209910.9598143, 1556209910.961526, 1556209910.962686, 1556209910.9638004, 1556209910.9665613, 1556209910.968967, 1556209910.971168, 1556209910.9722142, 1556209910.9757283, 1556209910.9771514, 1556209910.978174, 1556209910.9820516, 1556209910.9833162, 1556209910.984385, 1556209910.9851732, 1556209910.9869983, 1556209910.9882932, 1556209910.9896295, 1556209910.9917572, 1556209910.993197, 1556209910.9947321, 1556209910.9955325, 1556209910.9974062, 1556209910.999087, 1556209911.0027363, 1556209911.004443, 1556209911.0061288, 1556209911.0072532, 1556209911.0087216, 1556209911.0105147, 1556209911.0113893, 1556209911.0155473, 1556209911.0163665, 1556209911.0173354, 1556209911.0185742, 1556209911.0202265, 1556209911.0224993, 1556209911.0239093, 1556209911.0248795, 1556209911.029406, 1556209911.032135, 1556209911.0334282], "episode_lengths": [14, 13, 13, 31, 52, 21, 14, 13, 33, 29, 27, 12, 43, 17, 12, 47, 15, 12, 9, 22, 15, 16, 25, 17, 18, 9, 22, 20, 44, 20, 20, 13, 17, 21, 10, 50, 9, 11, 14, 19, 27, 16, 11, 54, 32, 15], "episode_rewards": [14.0, 13.0, 13.0, 31.0, 52.0, 21.0, 14.0, 13.0, 33.0, 29.0, 27.0, 12.0, 43.0, 17.0, 12.0, 47.0, 15.0, 12.0, 9.0, 22.0, 15.0, 16.0, 25.0, 17.0, 18.0, 9.0, 22.0, 20.0, 44.0, 20.0, 20.0, 13.0, 17.0, 21.0, 10.0, 50.0, 9.0, 11.0, 14.0, 19.0, 27.0, 16.0, 11.0, 54.0, 32.0, 15.0], "episode_types": ["t", "t", "t", "t", "t", "t", "t", "t", "t", "t", "t", "t", "t", "t", "t", "t", "t", "t", "t", "t", "t", "t", "t", "t", "t", "t", "t", "t", "t", "t", "t", "t", "t", "t", "t", "t", "t", "t", "t", "t", "t", "t", "t", "t", "t", "t", "t"]}