{"initial_reset_timestamp": 1556345460.958205, "timestamps": [1556345463.9373536, 1556345466.8083582, 1556345468.4452715, 1556345469.6569433, 1556345470.9563823, 1556345472.4595332, 1556345473.7559958, 1556345475.05467, 1556345478.0827963, 1556345479.2593606, 1556345480.4912543, 1556345481.9050715, 1556345483.1977634, 1556345484.764662, 1556345486.1644735, 1556345487.6036365, 1556345488.7666318, 1556345490.1175926, 1556345491.3966813, 1556345492.64509, 1556345493.8554845, 1556345494.9749064, 1556345496.2080917, 1556345497.8776116, 1556345499.0898483, 1556345500.388989, 1556345501.7418683, 1556345505.0937455, 1556345506.7912552, 1556345507.9134812, 1556345509.0768063, 1556345510.2513196, 1556345511.4131484, 1556345512.622787, 1556345514.0354266, 1556345515.509492, 1556345517.1223438, 1556345518.4943771, 1556345519.793225, 1556345521.1582332, 1556345522.7881885, 1556345524.2393055, 1556345525.9549363, 1556345527.1645083, 1556345528.546218, 1556345529.7354207, 1556345531.1941433, 1556345532.7168007, 1556345534.0063345, 1556345535.2788014, 1556345536.664205, 1556345538.1314154, 1556345539.7082772, 1556345541.1604297, 1556345542.4377418, 1556345543.907225, 1556345545.346745, 1556345546.5601056, 1556345547.7888894, 1556345549.040584, 1556345550.583814, 1556345551.8791013, 1556345553.0263383, 1556345554.3438277, 1556345556.770036, 1556345558.0176406, 1556345559.3946698, 1556345560.6060948, 1556345561.886467, 1556345563.0111437, 1556345564.17743, 1556345565.5272603, 1556345566.9240537, 1556345568.179887, 1556345569.7189047, 1556345570.8426683, 1556345572.3440783, 1556345573.6886556, 1556345574.9003992, 1556345576.338233, 1556345577.5940294, 1556345579.1182036, 1556345580.3124487, 1556345581.643117, 1556345582.8618963, 1556345584.181472, 1556345585.6628263, 1556345587.1734393, 1556345588.6482759, 1556345590.1537673, 1556345591.8154829, 1556345593.1589274, 1556345594.577016, 1556345595.840113, 1556345597.05574, 1556345598.3254423, 1556345599.555118, 1556345600.6801999, 1556345602.0965028, 1556345603.5948026, 1556345604.76575, 1556345605.981156, 1556345607.1827302, 1556345608.5447109, 1556345609.7551699, 1556345611.2067633, 1556345612.6840513, 1556345614.3292608, 1556345615.5682309, 1556345619.5089726, 1556345623.8479838, 1556345628.036599, 1556345632.3680496, 1556345636.4273398, 1556345640.5196512, 1556345644.33499, 1556345648.5347424, 1556345652.565307, 1556345657.5015984, 1556345661.1477215, 1556345665.3080957, 1556345669.3916266, 1556345673.370383, 1556345677.832367, 1556345681.5630088, 1556345688.2332823, 1556345691.9091616, 1556345695.9299834, 1556345700.106006, 1556345703.9007478, 1556345707.9211113, 1556345711.5144017, 1556345716.0844057, 1556345720.6989417, 1556345724.926057, 1556345729.0245326, 1556345734.013158, 1556345737.5224485, 1556345741.8401194, 1556345746.9931772, 1556345751.1332574, 1556345754.8578262, 1556345759.0488508, 1556345763.0301213, 1556345766.3983188, 1556345771.115315, 1556345775.3959773, 1556345779.3822896, 1556345783.6306608, 1556345788.4900734, 1556345793.623222, 1556345797.9241023, 1556345802.0398633, 1556345806.867955, 1556345811.6411376, 1556345815.1554058, 1556345818.8172631, 1556345822.5823247, 1556345827.3619146, 1556345831.4268503, 1556345835.4090624, 1556345839.2788782, 1556345843.3944204, 1556345848.0734224, 1556345851.7488256, 1556345855.925409, 1556345860.029755, 1556345864.4110827, 1556345868.8275893, 1556345873.086429, 1556345876.9337738, 1556345880.838213, 1556345885.3857307, 1556345890.7032194, 1556345894.7236793, 1556345898.3297358, 1556345902.3240309, 1556345906.4716809, 1556345911.1538255, 1556345914.8327014, 1556345919.2258315, 1556345923.3193166, 1556345927.0968513, 1556345931.459127, 1556345936.7369254, 1556345941.4097764, 1556345946.726069, 1556345951.623143, 1556345955.3625958, 1556345959.4364552, 1556345963.823069, 1556345968.0210516, 1556345972.1062315, 1556345975.9030864, 1556345980.3585227, 1556345984.499399, 1556345988.8030896, 1556345992.8725097, 1556345997.4460902, 1556346001.3475394, 1556346005.6039016, 1556346009.474061, 1556346013.891922, 1556346018.4951718, 1556346022.4401903, 1556346026.8467913, 1556346030.638582, 1556346034.323443, 1556346038.79608, 1556346043.1185954, 1556346046.7837908, 1556346050.1733768, 1556346053.5365589, 1556346057.30653, 1556346061.609875, 1556346065.4812117, 1556346070.7461596, 1556346075.3775427, 1556346079.115464, 1556346083.5360224, 1556346088.0659251, 1556346091.8456724, 1556346095.8228855], "episode_lengths": [3678, 3799, 4422, 3300, 3540, 4098, 3536, 3532, 3550, 3168, 3367, 3839, 3524, 4249, 3784, 3900, 3168, 3685, 3483, 3408, 3296, 3056, 3357, 4552, 3300, 3536, 3685, 4500, 4587, 3056, 3168, 3200, 3168, 3300, 3860, 4016, 4399, 3707, 3540, 3727, 4448, 3956, 4673, 3296, 3765, 3245, 3971, 4144, 3520, 3469, 3776, 4004, 4306, 3960, 3481, 4011, 3921, 3300, 3348, 3416, 4191, 3536, 3131, 3593, 3300, 3357, 3744, 3296, 3483, 3056, 3168, 3675, 3795, 3416, 4186, 3056, 4090, 3654, 3296, 3910, 3416, 4148, 3245, 3619, 3318, 3594, 4031, 4114, 4014, 4092, 4522, 3648, 3847, 3443, 3304, 3460, 3296, 3056, 3855, 4083, 3192, 3296, 3250, 3696, 3296, 3947, 3984, 4470, 3367, 3408, 3910, 3787, 3896, 3652, 3707, 3442, 3750, 3652, 4209, 3304, 3780, 3720, 3615, 4034, 3359, 4476, 3312, 3648, 3795, 3415, 3611, 3245, 4145, 4154, 3784, 3678, 4494, 3168, 3888, 4640, 3729, 3367, 3774, 3594, 3056, 4268, 3850, 3592, 3838, 4354, 4633, 3876, 3704, 4350, 4313, 3168, 3300, 3416, 4294, 3648, 3536, 3296, 3699, 4220, 3296, 3766, 3711, 3950, 3978, 3836, 3475, 3523, 4112, 4781, 3619, 3249, 3602, 3748, 4245, 3318, 3967, 3648, 3408, 3888, 4735, 4207, 4757, 4388, 3367, 3680, 3929, 3764, 3683, 3408, 4029, 3719, 3867, 3667, 4147, 3528, 3837, 3479, 3991, 4040, 3557, 3967, 3408, 3296, 4037, 3921, 3296, 3056, 3056, 3374, 3858, 3491, 3528, 4155, 3367, 3966, 4109, 3372, 3591], "episode_rewards": [-20.0, -20.0, -19.0, -21.0, -21.0, -21.0, -21.0, -21.0, -21.0, -21.0, -20.0, -21.0, -21.0, -18.0, -20.0, -20.0, -21.0, -20.0, -21.0, -21.0, -21.0, -21.0, -21.0, -18.0, -21.0, -21.0, -20.0, -21.0, -19.0, -21.0, -21.0, -21.0, -21.0, -21.0, -19.0, -21.0, -20.0, -20.0, -21.0, -20.0, -21.0, -20.0, -19.0, -21.0, -21.0, -21.0, -19.0, -19.0, -21.0, -21.0, -21.0, -19.0, -19.0, -21.0, -20.0, -19.0, -20.0, -21.0, -20.0, -21.0, -21.0, -20.0, -21.0, -20.0, -21.0, -21.0, -21.0, -21.0, -21.0, -21.0, -21.0, -20.0, -20.0, -21.0, -20.0, -21.0, -19.0, -21.0, -21.0, -20.0, -21.0, -19.0, -21.0, -20.0, -21.0, -20.0, -20.0, -19.0, -19.0, -21.0, -18.0, -21.0, -20.0, -21.0, -21.0, -20.0, -21.0, -21.0, -21.0, -21.0, -21.0, -21.0, -21.0, -21.0, -21.0, -20.0, -20.0, -20.0, -20.0, -21.0, -20.0, -20.0, -21.0, -21.0, -20.0, -20.0, -20.0, -21.0, -20.0, -21.0, -21.0, -21.0, -20.0, -20.0, -21.0, -19.0, -21.0, -21.0, -20.0, -21.0, -20.0, -21.0, -20.0, -21.0, -21.0, -19.0, -19.0, -21.0, -21.0, -18.0, -20.0, -20.0, -19.0, -20.0, -21.0, -21.0, -20.0, -20.0, -20.0, -19.0, -17.0, -20.0, -20.0, -19.0, -20.0, -21.0, -21.0, -21.0, -19.0, -21.0, -21.0, -21.0, -20.0, -21.0, -21.0, -21.0, -20.0, -20.0, -19.0, -20.0, -21.0, -21.0, -20.0, -18.0, -21.0, -21.0, -20.0, -21.0, -19.0, -21.0, -20.0, -21.0, -21.0, -21.0, -18.0, -20.0, -20.0, -19.0, -20.0, -21.0, -20.0, -21.0, -20.0, -21.0, -19.0, -20.0, -20.0, -20.0, -20.0, -21.0, -20.0, -20.0, -19.0, -20.0, -20.0, -20.0, -21.0, -21.0, -19.0, -20.0, -21.0, -21.0, -21.0, -20.0, -20.0, -21.0, -21.0, -20.0, -20.0, -20.0, -19.0, -21.0, -20.0],