{"initial_reset_timestamp": 1556301284.0033326, "timestamps": [1556301284.003939, 1556301284.0054753, 1556301284.0068676, 1556301284.0080914, 1556301284.0097315, 1556301284.0118074, 1556301284.0146434, 1556301284.015874, 1556301284.017021, 1556301284.021666, 1556301284.0231307, 1556301284.025326, 1556301284.0264063, 1556301284.0277994, 1556301284.0294533, 1556301284.030929, 1556301284.0343332, 1556301284.0371182, 1556301284.0379755, 1556301284.0406287, 1556301284.0442631, 1556301284.047031, 1556301284.0481966, 1556301284.049171, 1556301284.052161, 1556301284.0540802, 1556301284.0554132, 1556301284.0565135, 1556301284.0575156, 1556301284.058845, 1556301284.0610461, 1556301284.0622501, 1556301284.0656066, 1556301284.066746, 1556301284.069231, 1556301284.0705688, 1556301284.0724628, 1556301284.0735207, 1556301284.0744638, 1556301284.08004, 1556301284.4557884, 1556301284.4724035, 1556301284.5137806, 1556301284.532997, 1556301284.5509071, 1556301284.5857701, 1556301284.6029499, 1556301284.6223853, 1556301284.639629, 1556301284.6583421, 1556301284.7008572, 1556301284.744696, 1556301284.7950594, 1556301284.816882, 1556301284.8396122, 1556301284.8542337, 1556301284.88345, 1556301284.8973517, 1556301284.9326456, 1556301284.9824736, 1556301285.0160494, 1556301285.042445, 1556301285.0646484, 1556301285.08764, 1556301285.1115556, 1556301285.1595454, 1556301285.1943033, 1556301285.2300024, 1556301285.2685192, 1556301285.3086038, 1556301285.326517, 1556301285.3460116, 1556301285.4036198, 1556301285.4325569, 1556301285.4469151, 1556301285.4640787, 1556301285.4939706, 1556301285.541936, 1556301285.5655913, 1556301285.6015294, 1556301285.6236446, 1556301285.6597157, 1556301285.701911, 1556301285.7496006, 1556301285.7906086, 1556301285.8142638, 1556301285.8320942, 1556301285.85249, 1556301285.8865263, 1556301285.9281588, 1556301285.9636564, 1556301285.9897492, 1556301286.03934, 1556301286.0612817, 1556301286.1348085, 1556301286.1708472, 1556301286.1889298, 1556301286.226448, 1556301286.339945, 1556301286.4028244, 1556301286.4559283, 1556301286.4749897, 1556301286.5048172, 1556301286.5344446, 1556301286.5665073, 1556301286.6160507, 1556301286.6997302, 1556301286.737472, 1556301286.7675846, 1556301286.7851985, 1556301286.8165288, 1556301286.8400617, 1556301286.890485, 1556301286.9199488, 1556301286.9502037, 1556301286.987797, 1556301287.0290897, 1556301287.066578, 1556301287.0988646, 1556301287.1355884, 1556301287.1540139, 1556301287.182271, 1556301287.203344, 1556301287.2279472, 1556301287.2655032, 1556301287.2848885, 1556301287.3171127, 1556301287.3427713, 1556301287.3666317, 1556301287.4008121, 1556301287.432262, 1556301287.471296, 1556301287.4967752, 1556301287.5162492, 1556301287.5295074, 1556301287.5595784, 1556301287.6073487, 1556301287.6513638, 1556301287.671482, 1556301287.7181237, 1556301287.7386744, 1556301287.8446512, 1556301287.9232814, 1556301287.9403937], "episode_lengths": [23, 18, 17, 15, 20, 26, 35, 15, 14, 58, 18, 27, 13, 17, 20, 18, 42, 34, 10, 33, 45, 34, 14, 11, 37, 23, 16, 13, 11, 16, 27, 14, 41, 13, 30, 16, 23, 12, 11, 68, 76, 10, 28, 14, 12, 23, 11, 14, 11, 13, 28, 27, 31, 15, 13, 10, 18, 10, 23, 34, 21, 19, 14, 15, 16, 33, 23, 24, 27, 26, 12, 14, 38, 19, 11, 11, 20, 33, 16, 24, 14, 24, 28, 32, 27, 16, 12, 15, 22, 28, 23, 18, 33, 13, 50, 24, 12, 25, 73, 42, 35, 13, 19, 19, 22, 33, 53, 25, 20, 11, 21, 15, 34, 19, 20, 25, 26, 25, 22, 24, 12, 17, 15, 16, 23, 12, 20, 16, 14, 22, 19, 24, 16, 13, 9, 19, 30, 29, 14, 29, 15, 70, 53, 11], "episode_rewards": [23.0, 18.0, 17.0, 15.0, 20.0, 26.0, 35.0, 15.0, 14.0, 58.0, 18.0, 27.0, 13.0, 17.0, 20.0, 18.0, 42.0, 34.0, 10.0, 33.0, 45.0, 34.0, 14.0, 11.0, 37.0, 23.0, 16.0, 13.0, 11.0, 16.0, 27.0, 14.0, 41.0, 13.0, 30.0, 16.0, 23.0, 12.0, 11.0, 68.0, 76.0, 10.0, 28.0, 14.0, 12.0, 23.0, 11.0, 14.0, 11.0, 13.0, 28.0, 27.0, 31.0, 15.0, 13.0, 10.0, 18.0, 10.0, 23.0, 34.0, 21.0, 19.0, 14.0, 15.0, 16.0, 33.0, 23.0, 24.0, 27.0, 26.0, 12.0, 14.0, 38.0, 19.0, 11.0, 11.0, 20.0, 33.0, 16.0, 24.0, 14.0, 24.0, 28.0, 32.0, 27.0, 16.0, 12.0, 15.0, 22.0, 28.0, 23.0, 18.0, 33.0, 13.0, 50.0, 24.0, 12.0, 25.0, 73.0, 42.0, 35.0, 13.0, 19.0, 19.0, 22.0, 33.0, 53.0, 25.0, 20.0, 11.0, 21.0, 15.0, 34.0, 19.0, 20.0, 25.0, 26.0, 25.0, 22.0, 24.0, 12.0, 17.0, 15.0, 16.0, 23.0, 12.0, 20.0, 16.0, 14.0, 22.0, 19.0, 24.0, 16.0, 13.0, 9.0, 19.0, 30.0, 29.0, 14.0, 29.0, 15.0, 70.0, 53.0, 11.0], "episode_types": ["t", "t", "t", "t", "t", "t", "t", "t", "t", "t", "t", "t", "t", "t", "t", "t", "t", "t", "t", "t", "t", "t", "t", "t", "t", "t", "t", "t", "t", "t", "t", "t", "t", "t", "t", "t", "t", "t", "t", "t", "t", "t", "t", "t", "t", "t", "t", "t", "t", "t", "t", "t", "t", "t", "t", "t", "t", "t", "t", "t", "t", "t", "t", "t", "t", "t", "t", "t", "t", "t", "t", "t", "t", "t", "t", "t", "t", "t", "t", "t", "t", "t", "t", "t", "t", "t", "t", "t", "t", "t", "t", "t", "t", "t", "t", "t", "t", "t", "t", "t", "t", "t", "t", "t", "t", "t", "t", "t", "t", "t", "t", "t", "t", "t", "t", "t", "t", "t", "t", "t", "t", "t", "t", "t", "t", "t", "t", "t", "t", "t", "t", "t", "t", "t", "t", "t", "t", "t", "t", "t", "t", "t", "t", "t", "t"]}