{"initial_reset_timestamp": 1556343709.4394736, "timestamps": [1556343709.4399495, 1556343709.4412534, 1556343709.4425673, 1556343709.4439623, 1556343709.4457579, 1556343709.4475126, 1556343709.449478, 1556343709.451337, 1556343709.453325, 1556343709.4551868, 1556343709.4566896, 1556343709.4581287, 1556343709.4595366, 1556343709.4623277, 1556343709.4635592, 1556343709.4649842, 1556343709.469741, 1556343709.4711087, 1556343709.4729886, 1556343709.4753628, 1556343709.476338, 1556343709.4780602, 1556343709.479681, 1556343709.4827964, 1556343709.4845002, 1556343709.486804, 1556343709.4883265, 1556343709.4897885, 1556343709.4918664, 1556343709.4928353, 1556343709.4982007, 1556343709.4996316, 1556343709.5009701, 1556343709.502099, 1556343709.503541, 1556343709.5097904, 1556343709.512446, 1556343709.5149379, 1556343709.5168421, 1556343709.5179422, 1556343709.519572, 1556343709.524967, 1556343709.5265253, 1556343709.5275044, 1556343709.5312238, 1556343709.5325801, 1556343709.5338814], "episode_lengths": [12, 13, 14, 15, 19, 19, 21, 20, 21, 20, 16, 15, 15, 30, 13, 15, 51, 14, 20, 25, 10, 18, 17, 33, 18, 24, 16, 15, 22, 10, 57, 15, 14, 11, 15, 66, 28, 26, 20, 11, 17, 57, 16, 10, 39, 14, 13], "episode_rewards": [12.0, 13.0, 14.0, 15.0, 19.0, 19.0, 21.0, 20.0, 21.0, 20.0, 16.0, 15.0, 15.0, 30.0, 13.0, 15.0, 51.0, 14.0, 20.0, 25.0, 10.0, 18.0, 17.0, 33.0, 18.0, 24.0, 16.0, 15.0, 22.0, 10.0, 57.0, 15.0, 14.0, 11.0, 15.0, 66.0, 28.0, 26.0, 20.0, 11.0, 17.0, 57.0, 16.0, 10.0, 39.0, 14.0, 13.0], "episode_types": ["t", "t", "t", "t", "t", "t", "t", "t", "t", "t", "t", "t", "t", "t", "t", "t", "t", "t", "t", "t", "t", "t", "t", "t", "t", "t", "t", "t", "t", "t", "t", "t", "t", "t", "t", "t", "t", "t", "t", "t", "t", "t", "t", "t", "t", "t", "t", "t"]}