{"initial_reset_timestamp": 1556211087.1406217, "timestamps": [1556211087.1414132, 1556211087.1431904, 1556211087.1446826, 1556211087.1484137, 1556211087.150033, 1556211087.1516666, 1556211087.1528995, 1556211087.1559231, 1556211087.157207, 1556211087.158741, 1556211087.161393, 1556211087.164608, 1556211087.1691465, 1556211087.170777, 1556211087.1723557, 1556211087.1735063, 1556211087.1761444, 1556211087.1805432, 1556211087.1817875, 1556211087.1830094, 1556211087.1839273, 1556211087.1865473, 1556211087.1880474, 1556211087.192958, 1556211087.1941698, 1556211087.196688, 1556211087.1977427, 1556211087.1985486, 1556211087.1997874, 1556211087.2019284, 1556211087.204936, 1556211087.2063262, 1556211087.2075558, 1556211087.2091613, 1556211087.2103014, 1556211087.2118976, 1556211087.2131293, 1556211087.2142847, 1556211087.2160385, 1556211087.2171931, 1556211087.2185202, 1556211087.220964, 1556211087.2229695, 1556211087.2240653, 1556211087.2253025, 1556211088.7446556, 1556211090.7103567, 1556211094.311409, 1556211096.8563988, 1556211099.1699805, 1556211102.9398224, 1556211107.1285975, 1556211116.7028122, 1556211122.5798414, 1556211129.266212, 1556211138.3855343, 1556211145.0938153, 1556211150.687456, 1556211172.7115464, 1556211181.3435354, 1556211192.3390055, 1556211209.2732139, 1556211252.6180406, 1556211266.7560256, 1556211277.3063955, 1556211302.0930302], "episode_lengths": [30, 20, 17, 44, 19, 19, 14, 36, 15, 18, 31, 38, 54, 19, 18, 13, 31, 52, 14, 14, 10, 31, 17, 58, 14, 29, 12, 9, 14, 25, 35, 16, 14, 18, 13, 18, 14, 13, 20, 13, 15, 27, 23, 12, 14, 14, 17, 26, 13, 12, 21, 19, 38, 19, 21, 22, 16, 13, 48, 16, 22, 26, 62, 14, 14, 26], "episode_rewards": [30.0, 20.0, 17.0, 44.0, 19.0, 19.0, 14.0, 36.0, 15.0, 18.0, 31.0, 38.0, 54.0, 19.0, 18.0, 13.0, 31.0, 52.0, 14.0, 14.0, 10.0, 31.0, 17.0, 58.0, 14.0, 29.0, 12.0, 9.0, 14.0, 25.0, 35.0, 16.0, 14.0, 18.0, 13.0, 18.0, 14.0, 13.0, 20.0, 13.0, 15.0, 27.0, 23.0, 12.0, 14.0, 14.0, 17.0, 26.0, 13.0, 12.0, 21.0, 19.0, 38.0, 19.0, 21.0, 22.0, 16.0, 13.0, 48.0, 16.0, 22.0, 26.0, 62.0, 14.0, 14.0, 26.0], "episode_types": ["t", "t", "t", "t", "t", "t", "t", "t", "t", "t", "t", "t", "t", "t", "t", "t", "t", "t", "t", "t", "t", "t", "t", "t", "t", "t", "t", "t", "t", "t", "t", "t", "t", "t", "t", "t", "t", "t", "t", "t", "t", "t", "t", "t", "t", "t", "t", "t", "t", "t", "t", "t", "t", "t", "t", "t", "t", "t", "t", "t", "t", "t", "t", "t", "t", "t", "t"]}