{"initial_reset_timestamp": 1556345366.8913946, "timestamps": [1556345366.8920488, 1556345366.892859, 1556345366.8938513, 1556345366.8946786, 1556345366.895292, 1556345366.8968115, 1556345366.8981345, 1556345366.8988662, 1556345366.900182, 1556345366.9015052, 1556345366.9027774, 1556345366.9045317, 1556345366.9065287, 1556345366.9073777, 1556345366.9087994, 1556345366.910402, 1556345366.9135332, 1556345366.9160109, 1556345366.9166558, 1556345366.918201, 1556345366.9197514, 1556345366.9204912, 1556345366.9217148, 1556345366.9236846, 1556345366.9251437, 1556345366.9258864, 1556345366.9265106, 1556345366.927809, 1556345366.9290457, 1556345366.9296813, 1556345366.9307728, 1556345366.9320753, 1556345366.9345856, 1556345366.935919, 1556345366.93668, 1556345366.9378889, 1556345366.9385433, 1556345366.939864, 1556345366.9407308, 1556345366.9422917, 1556345366.9449985, 1556345366.9460166, 1556345366.946647, 1556345366.9484599, 1556345366.9497058, 1556345366.951732, 1556345366.9525993, 1556345366.95349, 1556345366.9554055, 1556345366.9591236, 1556345366.9597685, 1556345366.9606328, 1556345366.961521, 1556345366.9626122, 1556345366.9644475, 1556345366.9652224, 1556345366.9664447, 1556345366.9714444, 1556345366.9727037, 1556345366.9737177, 1556345366.975625, 1556345366.9773436, 1556345366.9782171, 1556345366.979468, 1556345366.9808056, 1556345366.9836273, 1556345366.9847698, 1556345366.985897, 1556345366.986923, 1556345366.987788, 1556345366.989073, 1556345366.9903202, 1556345366.9916668, 1556345366.9923544, 1556345366.9949348, 1556345366.9957073, 1556345366.9965727, 1556345366.9983206, 1556345366.999117, 1556345367.0018315, 1556345367.005156, 1556345367.005937, 1556345367.006723, 1556345367.0082173, 1556345367.009482, 1556345367.0102553, 1556345367.0119877, 1556345367.0131853, 1556345367.3711436, 1556345367.3942516, 1556345367.4050875, 1556345367.428816, 1556345367.4568055, 1556345367.474133, 1556345367.491487, 1556345367.502025, 1556345367.5192993, 1556345367.535815, 1556345367.5423782, 1556345367.5785656, 1556345367.5887423, 1556345367.5968463, 1556345367.6071196, 1556345367.6135428, 1556345367.6485245, 1556345367.6716385, 1556345367.6900232, 1556345367.7026885, 1556345367.736128, 1556345367.7431486, 1556345367.7621996, 1556345367.7731595, 1556345367.7834039, 1556345367.7967582, 1556345367.8077474, 1556345367.815014, 1556345367.8262146, 1556345367.8435671, 1556345367.8532631, 1556345367.873663, 1556345367.8849032, 1556345367.8931472, 1556345367.904503, 1556345367.9139261, 1556345367.9379318, 1556345367.9463742, 1556345367.9595256, 1556345367.970187, 1556345367.9814284, 1556345367.9991486, 1556345368.0081291, 1556345368.0239394, 1556345368.0369258, 1556345368.0611045, 1556345368.079193, 1556345368.0877638, 1556345368.0992558, 1556345368.1213136, 1556345368.1291115, 1556345368.159823, 1556345368.1710906, 1556345368.190719, 1556345368.1967864, 1556345368.212608, 1556345368.2383964, 1556345368.2575552, 1556345368.2767835, 1556345368.2932744, 1556345368.3132274, 1556345368.3260345, 1556345368.3366942, 1556345368.3547888, 1556345368.361561, 1556345368.3747818, 1556345368.385132, 1556345368.3974447, 1556345368.4128137, 1556345368.4213095, 1556345368.4322376, 1556345368.4841292, 1556345368.490952, 1556345368.5036106, 1556345368.518483, 1556345368.5248802, 1556345368.531638, 1556345368.5422754, 1556345368.5495424, 1556345368.5605645, 1556345368.5714788, 1556345368.5788236, 1556345368.6387668, 1556345368.6496177, 1556345368.6568978, 1556345368.6691508, 1556345368.6807842, 1556345368.692409, 1556345368.7093499, 1556345368.721345, 1556345368.7335393, 1556345368.7443361, 1556345368.755363, 1556345368.761225, 1556345368.7789278, 1556345368.8016906, 1556345368.8118227, 1556345368.8385816, 1556345368.8749635, 1556345368.8916016, 1556345368.909631, 1556345368.9320905, 1556345368.9446535, 1556345368.9670122, 1556345368.9782927, 1556345368.9961317, 1556345369.0027695, 1556345369.0189266, 1556345369.0310879, 1556345369.064075, 1556345369.0853765, 1556345369.0925992, 1556345369.1038055, 1556345369.1152563, 1556345369.1273916, 1556345369.1703646, 1556345369.1790853, 1556345369.2212665, 1556345369.2328777, 1556345369.2427642, 1556345369.2564046, 1556345369.2666283, 1556345369.2791567, 1556345369.3003547, 1556345369.3139768, 1556345369.3358839, 1556345369.3529372, 1556345369.3614037, 1556345369.3681118, 1556345369.3773584, 1556345369.39513, 1556345369.413609, 1556345369.4316432, 1556345369.44078, 1556345369.4487505, 1556345369.4669077, 1556345369.47755, 1556345369.4933033, 1556345369.5012605, 1556345369.510881, 1556345369.5304987, 1556345369.5418944, 1556345369.5520394, 1556345369.574673, 1556345369.5829709, 1556345369.598869, 1556345369.6176727, 1556345369.6245308, 1556345369.6592793, 1556345369.669988, 1556345369.6775918, 1556345369.694473, 1556345369.7261605, 1556345369.773753, 1556345369.8039234, 1556345369.824572, 1556345369.8514376, 1556345369.8925307, 1556345369.919418, 1556345369.9315298, 1556345369.938841, 1556345369.9558055, 1556345369.9678385, 1556345369.9793382, 1556345369.9942899, 1556345370.0121145, 1556345370.0360897, 1556345370.0429442, 1556345370.0609207, 1556345370.0701098, 1556345370.0835989, 1556345370.0939074, 1556345370.1120303, 1556345370.119562, 1556345370.1377158, 1556345370.179605, 1556345370.189415, 1556345370.1959605, 1556345370.2089264, 1556345370.2154536, 1556345370.2313316, 1556345370.2435992, 1556345370.2717235, 1556345370.2791932, 1556345370.2958078, 1556345370.3142402, 1556345370.3230226, 1556345370.3326485, 1556345370.339966, 1556345370.3693879, 1556345370.3817384, 1556345370.3980858, 1556345370.4106917, 1556345370.4276628, 1556345370.434008, 1556345370.4462917, 1556345370.4659028, 1556345370.4865532, 1556345370.4994843, 1556345370.5171673, 1556345370.5359962, 1556345370.548196, 1556345370.5579803, 1556345370.5701501, 1556345370.577538, 1556345370.5880497, 1556345370.604278, 1556345370.6188173, 1556345370.6453261, 1556345370.6534882, 1556345370.665535, 1556345370.6992886, 1556345370.7161121, 1556345370.7281072, 1556345370.742833, 1556345370.7557466, 1556345370.7905269, 1556345370.8252246, 1556345370.836665, 1556345370.855364, 1556345370.8674018, 1556345370.8837497, 1556345370.8938937, 1556345370.90761, 1556345370.929123, 1556345370.9362402, 1556345370.9526005, 1556345370.963873, 1556345370.9775052, 1556345371.000708, 1556345371.0183809, 1556345371.029901, 1556345371.0429978, 1556345371.0538397, 1556345371.0708144, 1556345371.107197, 1556345371.113733, 1556345371.1376011, 1556345371.1704342, 1556345371.1818047, 1556345371.1892247, 1556345371.205236, 1556345371.2305236, 1556345371.2425644, 1556345371.2793198, 1556345371.2960799, 1556345371.3221552, 1556345371.3447235, 1556345371.3632207, 1556345371.3728237, 1556345371.3806746, 1556345371.3914592, 1556345371.4073045, 1556345371.4377298, 1556345371.4567635, 1556345371.4674323, 1556345371.48024, 1556345371.5102906, 1556345371.5218055, 1556345371.532483, 1556345371.5513415, 1556345371.5749826, 1556345371.5978296, 1556345371.6146116, 1556345371.628212, 1556345371.6391892, 1556345371.651338, 1556345371.6621635, 1556345371.6783175, 1556345371.6980371, 1556345371.7099504, 1556345371.721848, 1556345371.732921, 1556345371.740521, 1556345371.789087, 1556345371.8050597, 1556345371.8185043, 1556345371.8346732, 1556345371.8426785, 1556345371.85284, 1556345371.8752093, 1556345371.8862891, 1556345371.9164536, 1556345371.9343736, 1556345371.946648, 1556345371.9581573, 1556345371.9807892, 1556345371.99922, 1556345372.0252311, 1556345372.036743, 1556345372.046296, 1556345372.072176, 1556345372.084554, 1556345372.094742, 1556345372.1014829, 1556345372.1295452, 1556345372.141301, 1556345372.1478887, 1556345372.1639957, 1556345372.1704574, 1556345372.1931715, 1556345372.2013233, 1556345372.2086039, 1556345372.2368286, 1556345372.2442403, 1556345372.254424, 1556345372.2728012, 1556345372.2804806, 1556345372.3048413, 1556345372.3341584, 1556345372.3579836, 1556345372.3690999, 1556345372.3763487, 1556345372.3888009, 