{"initial_reset_timestamp": 1556344375.5499508, "timestamps": [1556344375.5504642, 1556344375.5513673, 1556344375.553088, 1556344375.5541725, 1556344375.556541, 1556344375.5574863, 1556344375.5597908, 1556344375.5613413, 1556344375.562525, 1556344375.5645905, 1556344375.5665917, 1556344375.567947, 1556344375.5692418, 1556344375.5718963, 1556344375.573096, 1556344375.5748043, 1556344375.5786428, 1556344375.579873, 1556344375.5815327, 1556344375.5828996, 1556344375.5842574, 1556344375.585573, 1556344375.5868554, 1556344375.5892088, 1556344375.591539, 1556344375.5932062, 1556344375.595995, 1556344375.599071, 1556344375.6010852, 1556344375.60369, 1556344375.6052785, 1556344375.6102965, 1556344375.6114116, 1556344375.6153347, 1556344375.6168065, 1556344375.6198142, 1556344375.6222157, 1556344375.6239603, 1556344375.6251814, 1556344375.6269364, 1556344375.6280518, 1556344375.6297455, 1556344375.6324732, 1556344375.6346214, 1556344375.6361873, 1556344375.6370718, 1556344375.6384735, 1556344375.640733, 1556344375.9757793, 1556344375.9884613, 1556344376.0108666, 1556344376.0208244], "episode_lengths": [14, 9, 19, 12, 27, 10, 26, 17, 13, 23, 22, 15, 14, 30, 13, 19, 43, 13, 18, 15, 15, 14, 14, 26, 26, 18, 31, 34, 22, 29, 17, 56, 12, 43, 16, 33, 26, 19, 13, 19, 12, 18, 30, 23, 17, 9, 15, 22, 16, 14, 27, 14], "episode_rewards": [14.0, 9.0, 19.0, 12.0, 27.0, 10.0, 26.0, 17.0, 13.0, 23.0, 22.0, 15.0, 14.0, 30.0, 13.0, 19.0, 43.0, 13.0, 18.0, 15.0, 15.0, 14.0, 14.0, 26.0, 26.0, 18.0, 31.0, 34.0, 22.0, 29.0, 17.0, 56.0, 12.0, 43.0, 16.0, 33.0, 26.0, 19.0, 13.0, 19.0, 12.0, 18.0, 30.0, 23.0, 17.0, 9.0, 15.0, 22.0, 16.0, 14.0, 27.0, 14.0], "episode_types": ["t", "t", "t", "t", "t", "t", "t", "t", "t", "t", "t", "t", "t", "t", "t", "t", "t", "t", "t", "t", "t", "t", "t", "t", "t", "t", "t", "t", "t", "t", "t", "t", "t", "t", "t", "t", "t", "t", "t", "t", "t", "t", "t", "t", "t", "t", "t", "t", "t", "t", "t", "t", "t"]}