{"initial_reset_timestamp": 1556345046.3513746, "timestamps": [1556345046.3518987, 1556345046.3527796, 1556345046.3550553, 1556345046.3566148, 1556345046.3579566, 1556345046.3591034, 1556345046.3605752, 1556345046.3616557, 1556345046.3626382, 1556345046.365658, 1556345046.367743, 1556345046.3689687, 1556345046.3701425, 1556345046.3729758, 1556345046.3744898], "episode_lengths": [14, 9, 26, 18, 15, 13, 17, 12, 11, 35, 24, 14, 13, 33, 17], "episode_rewards": [14.0, 9.0, 26.0, 18.0, 15.0, 13.0, 17.0, 12.0, 11.0, 35.0, 24.0, 14.0, 13.0, 33.0, 17.0], "episode_types": ["t", "t", "t", "t", "t", "t", "t", "t", "t", "t", "t", "t", "t", "t", "t", "t"]}