{"initial_reset_timestamp": 1556343003.7254329, "timestamps": [1556343003.7307289, 1556343003.7319055, 1556343003.7334146, 1556343003.7347999, 1556343003.7367046, 1556343003.7382, 1556343003.7398567, 1556343003.7409737, 1556343003.7420251, 1556343003.7431426, 1556343003.7446935, 1556343003.7480507, 1556343003.7498171, 1556343003.7517407, 1556343003.7537653, 1556343003.7582989, 1556343003.7595997, 1556343003.760941, 1556343003.7623615, 1556343003.7637756, 1556343003.7652972, 1556343003.7668767, 1556343003.76836, 1556343003.7703218, 1556343003.773721, 1556343003.7753937, 1556343003.7791202, 1556343003.7817776, 1556343003.7826602, 1556343003.7867794, 1556343003.7891917, 1556343003.7931416, 1556343003.7954414, 1556343003.7967684, 1556343003.7990942, 1556343003.8019044, 1556343003.803321, 1556343003.8043628, 1556343003.8067994, 1556343003.8077607, 1556343003.808907, 1556343003.8102577, 1556343003.8117728, 1556343003.813851, 1556343003.8163488, 1556343003.8180666, 1556343003.819301, 1556343003.820354, 1556343003.821617, 1556343003.822871, 1556343004.6311224, 1556343004.653551], "episode_lengths": [11, 12, 16, 15, 21, 16, 18, 12, 11, 12, 17, 37, 19, 21, 22, 50, 14, 14, 15, 15, 16, 17, 16, 21, 37, 18, 41, 27, 9, 45, 26, 43, 25, 14, 25, 30, 15, 11, 26, 10, 12, 14, 16, 22, 27, 18, 13, 11, 13, 13, 32, 28], "episode_rewards": [11.0, 12.0, 16.0, 15.0, 21.0, 16.0, 18.0, 12.0, 11.0, 12.0, 17.0, 37.0, 19.0, 21.0, 22.0, 50.0, 14.0, 14.0, 15.0, 15.0, 16.0, 17.0, 16.0, 21.0, 37.0, 18.0, 41.0, 27.0, 9.0, 45.0, 26.0, 43.0, 25.0, 14.0, 25.0, 30.0, 15.0, 11.0, 26.0, 10.0, 12.0, 14.0, 16.0, 22.0, 27.0, 18.0, 13.0, 11.0, 13.0, 13.0, 32.0, 28.0], "episode_types": ["t", "t", "t", "t", "t", "t", "t", "t", "t", "t", "t", "t", "t", "t", "t", "t", "t", "t", "t", "t", "t", "t", "t", "t", "t", "t", "t", "t", "t", "t", "t", "t", "t", "t", "t", "t", "t", "t", "t", "t", "t", "t", "t", "t", "t", "t", "t", "t", "t", "t", "t", "t", "t"]}