{"initial_reset_timestamp": 1556209948.5515058, "timestamps": [1556209948.5520096, 1556209948.5538487, 1556209948.5563698, 1556209948.5593233, 1556209948.5604517, 1556209948.5616403, 1556209948.5712569, 1556209948.5727963, 1556209948.5751889, 1556209948.5769095, 1556209948.578271, 1556209948.5803, 1556209948.5814083, 1556209948.5826, 1556209948.5843809, 1556209948.5859807, 1556209948.5877588, 1556209948.5916266, 1556209948.5926197, 1556209948.5939953, 1556209948.5965297, 1556209948.600053, 1556209948.6013355, 1556209948.6028636, 1556209948.6091204, 1556209948.6109083, 1556209948.6120598, 1556209948.613348, 1556209948.6148882, 1556209948.6161387, 1556209948.6178312, 1556209948.6192787, 1556209948.6208491, 1556209948.6231503, 1556209948.6243932, 1556209948.625282, 1556209948.6277826, 1556209948.6301644, 1556209948.6316307, 1556209948.633298], "episode_lengths": [11, 21, 30, 36, 13, 14, 119, 18, 29, 20, 16, 24, 13, 14, 21, 19, 21, 46, 11, 16, 30, 42, 15, 18, 75, 21, 13, 15, 18, 14, 20, 17, 18, 27, 14, 10, 29, 28, 17, 19], "episode_rewards": [11.0, 21.0, 30.0, 36.0, 13.0, 14.0, 119.0, 18.0, 29.0, 20.0, 16.0, 24.0, 13.0, 14.0, 21.0, 19.0, 21.0, 46.0, 11.0, 16.0, 30.0, 42.0, 15.0, 18.0, 75.0, 21.0, 13.0, 15.0, 18.0, 14.0, 20.0, 17.0, 18.0, 27.0, 14.0, 10.0, 29.0, 28.0, 17.0, 19.0], "episode_types": ["t", "t", "t", "t", "t", "t", "t", "t", "t", "t", "t", "t", "t", "t", "t", "t", "t", "t", "t", "t", "t", "t", "t", "t", "t", "t", "t", "t", "t", "t", "t", "t", "t", "t", "t", "t", "t", "t", "t", "t", "t"]}