{"initial_reset_timestamp": 1556347103.374036, "timestamps": [1556347103.3745418, 1556347103.3756688, 1556347103.377663, 1556347103.3788037, 1556347103.3811378, 1556347103.3823726, 1556347103.3848748, 1556347103.3859644, 1556347103.3881001, 1556347103.3896315, 1556347103.3916073, 1556347103.3932333, 1556347103.394741, 1556347103.397482, 1556347103.3989017, 1556347103.4004157, 1556347103.4022331, 1556347103.403617, 1556347103.4049518, 1556347103.406313, 1556347103.4076521, 1556347103.4091215, 1556347103.4105573, 1556347103.4118075, 1556347103.4128666, 1556347103.4179716, 1556347103.419051, 1556347103.4218874, 1556347103.423223, 1556347103.4257169, 1556347103.428729, 1556347103.4305654, 1556347103.4344263, 1556347103.4369063, 1556347103.4380908, 1556347103.4426599, 1556347103.4473958, 1556347103.449258, 1556347103.450336, 1556347103.4530034, 1556347103.4542902, 1556347103.459462, 1556347103.464328, 1556347103.465538, 1556347103.4665291, 1556347103.4688356, 1556347103.8553336, 1556347103.865664, 1556347103.889294], "episode_lengths": [11, 11, 21, 12, 25, 13, 27, 11, 23, 16, 21, 17, 16, 29, 15, 16, 19, 14, 14, 14, 14, 15, 15, 13, 11, 54, 11, 30, 14, 26, 32, 19, 41, 26, 10, 48, 50, 19, 11, 28, 13, 54, 51, 12, 10, 24, 22, 14, 26], "episode_rewards": [11.0, 11.0, 21.0, 12.0, 25.0, 13.0, 27.0, 11.0, 23.0, 16.0, 21.0, 17.0, 16.0, 29.0, 15.0, 16.0, 19.0, 14.0, 14.0, 14.0, 14.0, 15.0, 15.0, 13.0, 11.0, 54.0, 11.0, 30.0, 14.0, 26.0, 32.0, 19.0, 41.0, 26.0, 10.0, 48.0, 50.0, 19.0, 11.0, 28.0, 13.0, 54.0, 51.0, 12.0, 10.0, 24.0, 22.0, 14.0, 26.0], "episode_types": ["t", "t", "t", "t", "t", "t", "t", "t", "t", "t", "t", "t", "t", "t", "t", "t", "t", "t", "t", "t", "t", "t", "t", "t", "t", "t", "t", "t", "t", "t", "t", "t", "t", "t", "t", "t", "t", "t", "t", "t", "t", "t", "t", "t", "t", "t", "t", "t", "t", "t"]}