{"initial_reset_timestamp": 1556343323.44576, "timestamps": [1556343323.446196, 1556343323.4475608, 1556343323.4491754, 1556343323.4503284, 1556343323.4519756, 1556343323.4561186, 1556343323.458562, 1556343323.4599068, 1556343323.4620116, 1556343323.4635406, 1556343323.464791, 1556343323.4662213, 1556343323.4691055, 1556343323.4706178, 1556343323.4724553, 1556343323.4736474, 1556343323.477049, 1556343323.47843, 1556343323.4798658, 1556343323.480871, 1556343323.4819016, 1556343323.4875822, 1556343323.489483, 1556343323.491169, 1556343323.4928546, 1556343323.4947455, 1556343323.4958298, 1556343323.500909, 1556343323.5027092, 1556343323.5041423, 1556343323.5051866, 1556343323.5072265, 1556343323.5084105, 1556343323.5108423, 1556343323.5120304, 1556343323.51367, 1556343323.5151186, 1556343323.51674, 1556343323.5197082, 1556343323.523105, 1556343323.5269382, 1556343323.5285008, 1556343323.5305867, 1556343323.5317776, 1556343323.5328736, 1556343323.5340936, 1556343323.846175, 1556343323.858927], "episode_lengths": [11, 15, 18, 13, 19, 48, 28, 15, 24, 17, 14, 16, 33, 17, 21, 13, 39, 15, 16, 11, 11, 65, 21, 19, 19, 21, 12, 58, 20, 16, 11, 23, 13, 27, 13, 18, 16, 18, 33, 38, 43, 17, 23, 13, 12, 13, 19, 18], "episode_rewards": [11.0, 15.0, 18.0, 13.0, 19.0, 48.0, 28.0, 15.0, 24.0, 17.0, 14.0, 16.0, 33.0, 17.0, 21.0, 13.0, 39.0, 15.0, 16.0, 11.0, 11.0, 65.0, 21.0, 19.0, 19.0, 21.0, 12.0, 58.0, 20.0, 16.0, 11.0, 23.0, 13.0, 27.0, 13.0, 18.0, 16.0, 18.0, 33.0, 38.0, 43.0, 17.0, 23.0, 13.0, 12.0, 13.0, 19.0, 18.0], "episode_types": ["t", "t", "t", "t", "t", "t", "t", "t", "t", "t", "t", "t", "t", "t", "t", "t", "t", "t", "t", "t", "t", "t", "t", "t", "t", "t", "t", "t", "t", "t", "t", "t", "t", "t", "t", "t", "t", "t", "t", "t", "t", "t", "t", "t", "t", "t", "t", "t", "t"]}