{"initial_reset_timestamp": 1556343781.4500306, "timestamps": [1556343781.4505377, 1556343781.4517915, 1556343781.4528785, 1556343781.4544115, 1556343781.456095, 1556343781.4578922, 1556343781.4604201, 1556343781.4617064, 1556343781.464058, 1556343781.467131, 1556343781.4687207, 1556343781.472816, 1556343781.4763517, 1556343781.4778104, 1556343781.478987, 1556343781.480165, 1556343781.4818966, 1556343781.4831076, 1556343781.4844544, 1556343781.48566, 1556343781.4868495, 1556343781.4912424, 1556343781.4923553, 1556343781.4961543, 1556343781.4991672, 1556343781.5006115, 1556343781.5026865, 1556343781.5069332, 1556343781.508307, 1556343781.5096934, 1556343781.5112224, 1556343781.5132365, 1556343781.5154626, 1556343781.5171456, 1556343781.5188546, 1556343781.5204897, 1556343781.5221403, 1556343781.523162, 1556343781.5245187, 1556343781.5263486, 1556343781.5295885, 1556343781.5313296, 1556343781.5323515, 1556343781.5333986, 1556343781.5362644, 1556343781.5383658, 1556343781.5393882], "episode_lengths": [12, 13, 12, 17, 19, 20, 29, 14, 27, 35, 18, 46, 40, 16, 13, 13, 19, 13, 15, 13, 13, 50, 12, 43, 34, 16, 23, 48, 15, 15, 17, 22, 25, 18, 19, 18, 18, 11, 15, 20, 36, 19, 11, 11, 32, 23, 11], "episode_rewards": [12.0, 13.0, 12.0, 17.0, 19.0, 20.0, 29.0, 14.0, 27.0, 35.0, 18.0, 46.0, 40.0, 16.0, 13.0, 13.0, 19.0, 13.0, 15.0, 13.0, 13.0, 50.0, 12.0, 43.0, 34.0, 16.0, 23.0, 48.0, 15.0, 15.0, 17.0, 22.0, 25.0, 18.0, 19.0, 18.0, 18.0, 11.0, 15.0, 20.0, 36.0, 19.0, 11.0, 11.0, 32.0, 23.0, 11.0], "episode_types": ["t", "t", "t", "t", "t", "t", "t", "t", "t", "t", "t", "t", "t", "t", "t", "t", "t", "t", "t", "t", "t", "t", "t", "t", "t", "t", "t", "t", "t", "t", "t", "t", "t", "t", "t", "t", "t", "t", "t", "t", "t", "t", "t", "t", "t", "t", "t", "t"]}