{"initial_reset_timestamp": 1556348643.1473901, "timestamps": [1556348643.1479084], "episode_lengths": [16], "episode_rewards": [16.0], "episode_types": ["t"]}