{"initial_reset_timestamp": 1556347129.22359, "timestamps": [1556347129.2241216, 1556347129.2260883, 1556347129.2280314, 1556347129.230786, 1556347129.2319133, 1556347129.2343068, 1556347129.2353485, 1556347129.2365785, 1556347129.2380922, 1556347129.2408586, 1556347129.242199, 1556347129.2435102, 1556347129.2454858, 1556347129.2469, 1556347129.2488654, 1556347129.2515473, 1556347129.2527878, 1556347129.254084, 1556347129.25541, 1556347129.2568133, 1556347129.2602568, 1556347129.2625098, 1556347129.2635632, 1556347129.265364, 1556347129.2666101, 1556347129.2683413, 1556347129.2716098, 1556347129.2745037, 1556347129.2774363, 1556347129.279327, 1556347129.2819536, 1556347129.283738, 1556347129.2845304, 1556347129.2879038, 1556347129.2897346, 1556347129.2909782, 1556347129.2925937, 1556347129.293777, 1556347129.295121, 1556347129.2979586, 1556347129.2994843, 1556347129.3004656, 1556347129.3019304, 1556347129.304829, 1556347129.3087938, 1556347129.3098903, 1556347129.3114312, 1556347129.3133647, 1556347129.3142545, 1556347129.316362, 1556347129.3181803, 1556347129.692703, 1556347129.7063005], "episode_lengths": [12, 20, 21, 30, 12, 26, 11, 13, 16, 30, 14, 14, 21, 15, 21, 29, 13, 13, 14, 15, 37, 24, 11, 19, 13, 18, 35, 31, 31, 20, 28, 19, 8, 36, 19, 13, 17, 12, 14, 30, 16, 10, 15, 31, 42, 11, 16, 20, 9, 22, 15, 14, 15], "episode_rewards": [12.0, 20.0, 21.0, 30.0, 12.0, 26.0, 11.0, 13.0, 16.0, 30.0, 14.0, 14.0, 21.0, 15.0, 21.0, 29.0, 13.0, 13.0, 14.0, 15.0, 37.0, 24.0, 11.0, 19.0, 13.0, 18.0, 35.0, 31.0, 31.0, 20.0, 28.0, 19.0, 8.0, 36.0, 19.0, 13.0, 17.0, 12.0, 14.0, 30.0, 16.0, 10.0, 15.0, 31.0, 42.0, 11.0, 16.0, 20.0, 9.0, 22.0, 15.0, 14.0, 15.0], "episode_types": ["t", "t", "t", "t", "t", "t", "t", "t", "t", "t", "t", "t", "t", "t", "t", "t", "t", "t", "t", "t", "t", "t", "t", "t", "t", "t", "t", "t", "t", "t", "t", "t", "t", "t", "t", "t", "t", "t", "t", "t", "t", "t", "t", "t", "t", "t", "t", "t", "t", "t", "t", "t", "t", "t"]}