{"initial_reset_timestamp": 1556302764.8010597, "timestamps": [1556302764.8015277, 1556302764.8028028, 1556302764.8038747, 1556302764.8054566, 1556302764.80778, 1556302764.808586, 1556302764.8098412, 1556302764.8111513, 1556302764.8120522, 1556302764.8159137, 1556302764.8173413, 1556302764.8184927, 1556302764.820389, 1556302764.8226526, 1556302764.8244848, 1556302764.8267655, 1556302764.828, 1556302764.8287477, 1556302764.831374, 1556302764.8337526, 1556302764.8353324, 1556302764.8413417, 1556302764.8428557, 1556302764.846177, 1556302764.848619, 1556302764.851895, 1556302764.8534327, 1556302764.855107, 1556302764.8561897, 1556302764.8575854, 1556302764.8587637, 1556302764.8603582, 1556302764.8622506, 1556302764.863456, 1556302764.8647966, 1556302764.8665073, 1556302764.8679492, 1556302764.8709583, 1556302764.8728323, 1556302764.87497, 1556302764.8761394, 1556302764.8776205, 1556302764.8789701, 1556302764.8806605, 1556302764.882468, 1556302764.8838313, 1556302764.886357, 1556302764.8885107, 1556302764.8898685], "episode_lengths": [11, 14, 12, 18, 27, 9, 14, 15, 10, 45, 16, 13, 22, 26, 21, 26, 14, 8, 30, 27, 18, 69, 17, 38, 28, 37, 17, 19, 12, 15, 13, 18, 21, 13, 15, 19, 16, 34, 21, 24, 13, 16, 15, 19, 20, 15, 28, 24, 11], "episode_rewards": [11.0, 14.0, 12.0, 18.0, 27.0, 9.0, 14.0, 15.0, 10.0, 45.0, 16.0, 13.0, 22.0, 26.0, 21.0, 26.0, 14.0, 8.0, 30.0, 27.0, 18.0, 69.0, 17.0, 38.0, 28.0, 37.0, 17.0, 19.0, 12.0, 15.0, 13.0, 18.0, 21.0, 13.0, 15.0, 19.0, 16.0, 34.0, 21.0, 24.0, 13.0, 16.0, 15.0, 19.0, 20.0, 15.0, 28.0, 24.0, 11.0], "episode_types": ["t", "t", "t", "t", "t", "t", "t", "t", "t", "t", "t", "t", "t", "t", "t", "t", "t", "t", "t", "t", "t", "t", "t", "t", "t", "t", "t", "t", "t", "t", "t", "t", "t", "t", "t", "t", "t", "t", "t", "t", "t", "t", "t", "t", "t", "t", "t", "t", "t", "t"]}