{"initial_reset_timestamp": 1556211314.8169742, "timestamps": [1556211314.817441, 1556211314.8183887, 1556211314.8203452, 1556211314.8225718, 1556211314.8236454, 1556211314.8265185, 1556211314.8281584, 1556211314.8292286, 1556211314.8302197, 1556211314.8316863, 1556211314.8331192, 1556211314.8344378, 1556211314.8360834, 1556211314.836923, 1556211314.840709, 1556211314.8421128, 1556211314.8437662, 1556211314.84498, 1556211314.8471491, 1556211314.8485067, 1556211314.849585, 1556211314.853455, 1556211314.8586752, 1556211314.860075, 1556211314.8618906, 1556211314.8634017, 1556211314.8646874, 1556211314.8672817, 1556211314.8685858, 1556211314.8719485, 1556211314.8732, 1556211314.8741355, 1556211314.8758962, 1556211314.878371, 1556211314.8843038, 1556211314.8855731, 1556211314.8866713, 1556211314.887867, 1556211314.8887966, 1556211314.889652, 1556211314.8911428, 1556211314.8919826, 1556211314.8941336, 1556211314.8953178, 1556211314.8974137, 1556211314.8995383, 1556211315.3769653, 1556211315.66086, 1556211316.1292644, 1556211316.3059742, 1556211316.4861956, 1556211317.274411, 1556211317.8863118, 1556211318.3216152, 1556211318.8248048, 1556211319.465667, 1556211319.9182832, 1556211320.1810942, 1556211320.3789728, 1556211320.9657843, 1556211321.6970153, 1556211321.9653702, 1556211322.4522831, 1556211323.0225332, 1556211323.1665337, 1556211323.5300558, 1556211323.9677086, 1556211324.4034407, 1556211324.7567017, 1556211325.108812, 1556211325.3876028, 1556211325.669244, 1556211326.026227, 1556211326.3127193, 1556211326.600486, 1556211326.8116784, 1556211327.107331, 1556211327.691374, 1556211327.9133294, 1556211328.4355998, 1556211328.8936574, 1556211329.2828712, 1556211329.6783392, 1556211330.5373344, 1556211331.16578, 1556211331.5615435, 1556211332.2000427, 1556211333.0052898, 1556211334.7345314, 1556211335.1551812, 1556211335.4962244, 1556211335.7471523, 1556211336.2460341, 1556211336.6883874, 1556211337.367081, 1556211337.6241813, 1556211337.9690847, 1556211338.599192, 1556211339.057508, 1556211339.5184495, 1556211340.0975206, 1556211340.6640208, 1556211340.9219038, 1556211341.28331, 1556211341.9031236, 1556211342.2534032, 1556211342.7939053, 1556211344.1346028, 1556211344.501434, 1556211345.2387004, 1556211345.80028, 1556211346.083902, 1556211346.356364, 1556211346.9136522, 1556211347.6060946, 1556211348.5982318, 1556211349.079881, 1556211349.3694308, 1556211350.3415964, 1556211350.9363067, 1556211351.3416803, 1556211351.734935, 1556211352.5459678, 1556211352.9608433, 1556211353.4944441, 1556211353.929822, 1556211354.4919617, 1556211355.0717666, 1556211355.4204676, 1556211355.9918387, 1556211356.4545374, 1556211357.5425165, 1556211357.8613267, 1556211358.4037356, 1556211358.7238183, 1556211359.1554892, 1556211359.6835833, 1556211361.2589996, 1556211361.7144363, 1556211362.0582688, 1556211362.6393661, 1556211363.6876118, 1556211363.9315403, 1556211364.2851644, 1556211365.392798, 1556211366.1082509, 1556211366.9550195, 1556211367.343587, 1556211368.334774, 1556211368.8443594, 1556211369.239108, 1556211369.7407107, 1556211370.1151352, 1556211371.4622302, 1556211371.9945345, 1556211372.540918, 1556211372.912772, 1556211373.8795083, 1556211374.6107697, 1556211374.9815857, 1556211375.3500156, 1556211375.9759827, 1556211378.9575567, 1556211379.3492327, 1556211379.7523298, 1556211380.4012828, 1556211380.7987316, 1556211381.3413677, 1556211381.6100278, 1556211382.1477933, 1556211382.8038924, 1556211383.633295, 1556211384.4526236, 1556211384.990126, 1556211385.3974302, 1556211386.8198814, 1556211387.7250478, 1556211388.3122056, 1556211389.5800266, 1556211389.992022, 1556211390.6969516, 1556211392.1360095, 1556211393.3426883, 1556211393.7891486, 1556211394.9842503, 1556211396.3804214, 1556211397.1534746, 1556211397.6271071, 1556211400.2692208, 1556211400.5933359, 1556211401.3751721, 1556211402.3435984, 1556211403.3715966, 1556211404.2043004, 1556211405.0272603, 1556211405.6258945, 1556211406.1990364, 1556211406.7973464, 1556211407.4007733, 1556211407.9741278, 1556211408.5684383, 1556211409.3247445, 1556211410.085618, 1556211410.6857347, 1556211411.135203, 1556211411.585651, 1556211412.553046, 1556211413.008758, 1556211414.0894768, 1556211414.7120335, 1556211415.3177326, 1556211415.7815282], "episode_lengths": [12, 10, 24, 28, 13, 36, 20, 13, 12, 18, 17, 16, 20, 10, 47, 17, 20, 14, 27, 16, 13, 48, 65, 16, 22, 18, 15, 32, 15, 41, 15, 11, 21, 30, 72, 15, 13, 14, 11, 10, 18, 9, 26, 14, 25, 22, 15, 20, 33, 11, 13, 49, 41, 30, 32, 38, 28, 17, 13, 34, 45, 15, 29, 30, 10, 21, 22, 25, 19, 20, 15, 18, 20, 17, 16, 10, 18, 29, 12, 28, 24, 23, 20, 43, 32, 21, 30, 40, 85, 19, 18, 12, 22, 21, 31, 11, 18, 27, 19, 22, 24, 22, 15, 16, 25, 16, 27, 60, 14, 34, 22, 14, 11, 25, 27, 39, 19, 13, 42, 23, 16, 16, 31, 15, 22, 14, 20, 23, 12, 17, 16, 40, 15, 20, 11, 14, 20, 59, 14, 11, 23, 33, 8, 12, 38, 22, 28, 12, 32, 16, 14, 14, 14, 40, 14, 19, 9, 35, 21, 12, 14, 19, 93, 11, 14, 17, 15, 13, 11, 14, 19, 26, 22, 18, 12, 39, 24, 18, 33, 13, 22, 40, 32, 10, 31, 38, 18, 12, 68, 11, 19, 24, 25, 18, 22, 14, 16, 16, 18, 14, 18, 18, 21, 15, 11, 14, 25, 12, 28, 14, 17, 11], "episode_rewards": [12.0, 10.0, 24.0, 28.0, 13.0, 36.0, 20.0, 13.0, 12.0, 18.0, 17.0, 16.0, 20.0, 10.0, 47.0, 17.0, 20.0, 14.0, 27.0, 16.0, 13.0, 48.0, 65.0, 16.0, 22.0, 18.0, 15.0, 32.0, 15.0, 41.0, 15.0, 11.0, 21.0, 30.0, 72.0, 15.0, 13.0, 14.0, 11.0, 10.0, 18.0, 9.0, 26.0, 14.0, 25.0, 22.0, 15.0, 20.0, 33.0, 11.0, 13.0, 49.0, 41.0, 30.0, 32.0, 38.0, 28.0, 17.0, 13.0, 34.0, 45.0, 15.0, 29.0, 30.0, 10.0, 21.0, 22.0, 25.0, 19.0, 20.0, 15.0, 18.0, 20.0, 17.0, 16.0, 10.0, 18.0, 29.0, 12.0, 28.0, 24.0, 23.0, 20.0, 43.0, 32.0, 21.0, 30.0, 40.0, 85.0, 19.0, 18.0, 12.0, 22.0, 21.0, 31.0, 11.0, 18.0, 27.0, 19.0, 22.0, 24.0, 22.0, 15.0, 16.0, 25.0, 16.0, 27.0, 60.0, 14.0, 34.0, 22.0, 14.0, 11.0, 25.0, 27.0, 39.0, 19.0, 13.0, 42.0, 23.0, 16.0, 16.0, 31.0, 15.0, 22.0, 14.0, 20.0, 23.0, 12.0, 17.0, 16.0, 40.0, 15.0, 20.0, 11.0, 14.0, 20.0, 59.0, 14.0, 11.0, 23.0, 33.0, 8.0, 12.0, 38.0, 22.0, 28.0, 12.0, 32.0, 16.0, 14.0, 14.0, 14.0, 40.0, 14.0, 19.0, 9.0, 35.0, 21.0, 12.0, 14.0, 19.0, 93.0, 11.0, 14.0, 17.0, 15.0, 13.0, 11.0, 14.0, 19.0, 26.0, 22.0, 18.0, 12.0, 39.0, 24.0, 18.0, 33.0, 13.0, 22.0, 40.0, 32.0, 10.0, 31.0, 38.0, 18.0, 12.0, 68.0, 11.0, 19.0, 24.0, 25.0, 18.0, 22.0, 14.0, 16.0, 16.0, 18.0, 14.0, 18.0, 18.0, 21.0, 15.0, 11.0, 14.0, 25.0, 12.0, 28.0, 14.0, 17.0, 11.0], "episode_types": ["t", "t", "t", "t", "t", "t", "t", "t", "t", "t", "t", "t", "t", "t", "t", "t", "t", "t", "t", "t", "t", "t", "t", "t", "t", "t", "t", "t", "t", "t", "t", "t", "t", "t", "t", "t", "t", "t", "t", "t", "t", "t", "t", "t", "t", "t", "t", "t", "t", "t", "t", "t", "t", "t", "t", "t", "t", "t", "t", "t", "t", "t", "t", "t", "t", "t", "t", "t", "t", "t", "t", "t", "t", "t", "t", "t", "t", "t", "t", "t", "t", "t", "t", "t", "t", "t", "t", "t", "t", "t", "t", "t", "t", "t", "t", "t", "t", "t", "t", "t", "t", "t", "t", "t", "t", "t", "t", "t", "t", "t", "t", "t", "t", "t", "t", "t", "t", "t", "t", "t", "t", "t", "t", "t", "t", "t", "t", "t", "t", "t", "t", "t", "t", "t", "t", "t", "t", "t", "t", "t", "t", "t", "t", "t", "t", "t", "t", "t", "t", "t", "t", "t", "t", "t", "t", "t", "t", "t", "t", "t", "t", "t", "t", "t", "t", "t", "t", "t", "t", "t", "t", "t", "t", "t", "t", "t", "t", "t", "t", "t", "t", "t", "t", "t", "t", "t", "t", "t", "t", "t", "t", "t", "t", "t", "t", "t", "t", "t", "t", "t", "t", "t", "t", "t", "t", "t", "t", "t", "t", "t", "t", "t", "t"]}