{"initial_reset_timestamp": 1556301464.8734913, "timestamps": [1556301464.8739123, 1556301464.8748548, 1556301464.875833, 1556301464.879038, 1556301464.879779, 1556301464.8809743, 1556301464.882042, 1556301464.8842356, 1556301464.8856304, 1556301464.8878314, 1556301464.8898962, 1556301464.8911023, 1556301464.892151, 1556301464.8953254, 1556301464.9005976, 1556301464.9022112, 1556301464.904724, 1556301464.905831, 1556301464.9066563, 1556301464.9084816, 1556301464.9100366, 1556301464.9107776, 1556301464.911832, 1556301464.9133878, 1556301464.9147685, 1556301464.9167023, 1556301464.919723, 1556301464.9208565, 1556301464.9223216, 1556301464.9233932, 1556301464.9287918, 1556301464.9310677, 1556301464.9331596, 1556301464.9341686, 1556301464.9351513, 1556301464.9366798, 1556301464.937615, 1556301464.9398468, 1556301464.9409802, 1556301464.9426942, 1556301464.9463873, 1556301464.9475482, 1556301464.9485452, 1556301464.9507422], "episode_lengths": [15, 11, 12, 41, 9, 15, 13, 28, 17, 28, 26, 15, 13, 40, 68, 20, 32, 13, 10, 23, 19, 9, 13, 19, 17, 24, 38, 14, 18, 13, 68, 28, 26, 12, 12, 19, 11, 28, 14, 21, 46, 14, 12, 27], "episode_rewards": [15.0, 11.0, 12.0, 41.0, 9.0, 15.0, 13.0, 28.0, 17.0, 28.0, 26.0, 15.0, 13.0, 40.0, 68.0, 20.0, 32.0, 13.0, 10.0, 23.0, 19.0, 9.0, 13.0, 19.0, 17.0, 24.0, 38.0, 14.0, 18.0, 13.0, 68.0, 28.0, 26.0, 12.0, 12.0, 19.0, 11.0, 28.0, 14.0, 21.0, 46.0, 14.0, 12.0, 27.0], "episode_types": ["t", "t", "t", "t", "t", "t", "t", "t", "t", "t", "t", "t", "t", "t", "t", "t", "t", "t", "t", "t", "t", "t", "t", "t", "t", "t", "t", "t", "t", "t", "t", "t", "t", "t", "t", "t", "t", "t", "t", "t", "t", "t", "t", "t", "t"]}